"num_exps","risks","inf"
"1",1,0.419214730593598,0
"2",1,0.0268256879519888,0
"3",3,0.140920526835305,0
"4",1,0.00125668195223764,0
"5",2,0.254825641705823,1
"6",2,0.0634480845763659,0
"7",2,0.103394217852956,0
"8",2,0.0969461034454365,0
"9",1,0.492137506664409,0
"10",3,0.0361087488246893,0
"11",2,0.00241456196284299,0
"12",2,0.0722859134511761,0
"13",2,0.174171222565575,0
"14",1,0.000222279113761696,0
"15",2,0.2173360181991,0
"16",1,0.0313955738264278,0
"17",2,0.114254477594641,1
"18",3,0.0636959015284953,0
"19",2,0.335360888205045,0
"20",1,0.0392838728987118,0
"21",3,0.0787114120871129,0
"22",1,0.133322719033027,0
"23",5,0.145336295884576,0
"24",2,0.0459976338311478,0
"25",3,0.00914584359871155,0
"26",3,0.274248953733012,0
"27",3,0.12187198838299,0
"28",1,5.80223229631691e-07,0
"29",3,0.0230392129669905,0
"30",1,0.448599872877972,0
"31",2,0.0387686108552842,0
"32",2,0.0376062716990254,1
"33",3,0.124714118773511,0
"34",1,0.104802942569084,0
"35",1,0.139465651875961,0
"36",1,0.0225521339076525,0
"37",4,0.0157198905103512,0
"38",2,0.109984185379985,0
"39",1,0.0328701915580017,0
"40",2,0.0705577198386037,0
"41",2,0.0751867744450697,1
"42",4,0.134540449720781,0
"43",1,0.70483395254027,1
"44",1,0.567277717060223,0
"45",1,0.147569558980502,0
"46",3,0.496987410680053,1
"47",2,0.302294149500684,0
"48",1,0.684640939994387,0
"49",2,0.0532782972597971,0
"50",3,0.00374815664419092,0
"51",2,0.0540012428727224,0
"52",1,0.545662471610262,1
"53",2,0.368924052630361,1
"54",2,0.26243559241595,1
"55",3,0.0560563241956169,0
"56",3,0.102942666796667,0
"57",2,0.466321638793642,1
"58",1,0.084086751895286,0
"59",4,0.0469742745170662,0
"60",1,0.44260063513492,0
"61",1,0.457506728058718,0
"62",2,0.0602870776572917,0
"63",1,0.459025482045911,1
"64",2,0.453084171083193,1
"65",2,1.18819908492748,0
"66",1,0.04815102666369,0
"67",2,0.0201184430481454,0
"68",1,0.282946565802762,0
"69",2,0.0686555071218598,0
"70",1,0.0154211417891977,0
"71",1,0.232039510569007,0
"72",1,0.0573175521263253,0
"73",1,0.434282617971447,0
"74",3,0.0190888372277623,0
"75",3,0.0193524036083344,0
"76",2,0.134831376775863,1
"77",1,0.503840650273705,0
"78",2,0.0845031321190419,0
"79",1,0.113775037585735,0
"80",2,0.27088464191101,0
"81",3,0.0908807366769452,0
"82",3,0.0594951470573342,0
"83",3,0.0686978017815215,0
"84",1,0.0466953605070874,0
"85",4,0.0795465400178375,0
"86",3,0.00690543306367584,0
"87",1,0.00991388912093434,0
"88",1,0.359332047330322,0
"89",1,0.00777915424137713,0
"90",2,0.0211968905439446,0
"91",5,0.127870113687826,0
"92",1,0.270011007439405,0
"93",2,0.0256778631816991,0
"94",3,0.173595436259814,0
"95",2,0.304624100961464,0
"96",1,0.0646669407903778,0
"97",2,0.0676623757846305,0
"98",6,0.0132847447632261,0
"99",2,0.835266476531483,1
"100",1,0.705547794954305,0
"101",1,0.00138316090385815,0
"102",1,0.489997373554044,1
"103",2,0.00932279346730536,0
"104",1,0.485795999623099,0
"105",2,0.00882174407570575,0
"106",2,0.0292402033604256,0
"107",1,0.244352177125257,0
"108",1,0.839596036330091,0
"109",2,0.273569751873642,0
"110",2,0.0664907862035092,0
"111",3,0.460715660256854,0
"112",3,0.0133245805396711,0
"113",2,0.16285539945287,0
"114",2,0.00316024835110405,0
"115",2,0.26919514342073,0
"116",2,0.122140118262201,0
"117",1,0.0832890544417473,0
"118",1,0.0134470440848486,0
"119",3,0.0098344447890818,0
"120",1,0.0617241150344497,0
"121",2,0.0973138842612254,0
"122",4,0.0801039202293846,0
"123",2,0.163923310224218,0
"124",3,0.343001794601398,1
"125",2,0.596805531221802,1
"126",2,0.00169617859111362,0
"127",3,0.159425823668823,0
"128",3,0.192315286991396,0
"129",1,0.0105430840393797,0
"130",3,0.116690228222874,0
"131",2,0.00227112877425694,0
"132",1,0.0573140065956332,0
"133",4,0.0424594881881631,0
"134",2,0.160232853965317,0
"135",3,0.163078946667902,0
"136",1,0.550058483923645,0
"137",1,0.00285423793426399,0
"138",1,0.0231491677293423,0
"139",3,0.0946428744658784,0
"140",3,0.0578597371599559,0
"141",1,0.586545630843668,0
"142",1,0.0287386883090961,0
"143",2,0.0996642917402116,1
"144",4,0.00837836850292824,0
"145",2,0.07748384017511,0
"146",1,0.0503631404814414,0
"147",1,0.396605586961524,0
"148",1,0.379230077135775,0
"149",3,0.117721017193571,0
"150",3,0.49455935895462,1
"151",1,0.742885009786018,0
"152",2,0.0655316000013394,0
"153",1,0.377896598983204,1
"154",1,0.547690492686566,1
"155",3,0.0382512123878583,0
"156",2,0.980001170334245,0
"157",3,0.793721267655598,0
"158",1,4.06119574486145e-06,0
"159",6,0.0127532069613849,0
"160",2,0.488131315120871,0
"161",1,0.00124676788529316,0
"162",1,0.134323754482085,0
"163",1,1.62807778502014,0
"164",3,0.130748657773998,0
"165",2,0.226905059897988,0
"166",2,0.0901382195502462,0
"167",3,0.0213253930261087,0
"168",2,0.311854883656874,0
"169",1,0.000117259809464029,0
"170",1,0.00541136987386943,0
"171",3,0.0465517320391515,0
"172",2,0.00267542532669141,0
"173",2,0.172467271311873,0
"174",2,0.014317470252154,0
"175",1,0.00572395137443415,0
"176",2,0.106213010187783,1
"177",1,0.0427457016850664,0
"178",1,0.0757737613537732,1
"179",2,0.000344539513070004,0
"180",2,0.0675607872780065,0
"181",2,0.0242998389591207,0
"182",2,0.0294132915795391,0
"183",3,0.0445562404005993,0
"184",4,0.182206234134968,1
"185",3,0.0117059569714002,0
"186",2,0.0486219298811583,0
"187",3,0.00225692055852637,0
"188",2,0.0885170395902784,0
"189",3,0.0358319320177365,0
"190",3,0.0332804736428044,0
"191",4,0.0681639063422041,0
"192",2,0.0149848268666627,0
"193",2,0.154566133952797,0
"194",1,0.587842990268658,1
"195",2,0.0768737260705318,0
"196",2,0.0538601749456167,0
"197",4,0.0523110400296397,0
"198",3,0.102666531158266,0
"199",2,0.0417210015627722,0
"200",3,0.0109451780995978,0
"201",3,0.016259340914775,0
"202",1,0.106234922288797,1
"203",1,0.000159538944447148,0
"204",1,0.0397558783796841,0
"205",2,0.0203457893195734,0
"206",4,0.0070776893182319,0
"207",1,0.000642261922456209,0
"208",2,0.00806583135746514,0
"209",3,0.11894104990299,1
"210",2,0.123215986080886,1
"211",2,0.458469420459143,0
"212",5,9.45647251539466e-05,0
"213",1,0.0382581236748072,0
"214",1,0.000558762408853115,0
"215",2,0.19928199491899,0
"216",2,0.0148767258309273,0
"217",1,0.0613715071015563,1
"218",5,0.0138808404895261,0
"219",3,0.0905115733129274,0
"220",1,0.00187347449354383,0
"221",2,0.172831947322442,0
"222",2,0.0286580753040128,0
"223",1,0.151117808001692,1
"224",1,0.136482014751629,0
"225",1,0.0169648579008796,0
"226",2,0.241895512985471,0
"227",4,0.0415156779983284,0
"228",3,0.0302077524727216,0
"229",3,2.15798396422666e-05,0
"230",1,0.00667512672477308,0
"231",2,0.0855418481409672,1
"232",3,0.0657206563969708,0
"233",2,0.042014306616646,0
"234",3,0.00680886307476405,0
"235",1,0.159627992782964,0
"236",1,0.360295825764478,1
"237",2,0.0313438608395507,0
"238",1,0.290487808235779,0
"239",5,0.0995822550197416,0
"240",2,0.208915388414458,0
"241",2,0.187018798713066,0
"242",2,0.323806398463806,1
"243",1,0.698250978827811,1
"244",3,0.181796800156561,0
"245",2,0.660250055994246,0
"246",3,0.163449459976295,1
"247",3,0.14777770886791,0
"248",1,0.000692505361641756,0
"249",1,0.445230031547553,1
"250",2,0.0814161795487456,0
"251",1,0.0892391970111986,0
"252",2,0.0198538497872832,0
"253",1,7.478950739543e-06,0
"254",2,0.16427101459169,0
"255",1,0.128985313486327,1
"256",3,0.00253299530700243,0
"257",2,0.0420835269361701,0
"258",1,0.458545428154448,0
"259",2,0.0255507348370353,0
"260",3,0.0997991226105319,0
"261",2,0.16800952585535,0
"262",3,0.040251860547241,0
"263",1,0.0415674970451418,0
"264",1,0.0639923493761834,0
"265",1,0.0218921595021738,0
"266",4,0.396104869909074,1
"267",2,0.0568145946716045,0
"268",1,0.0208871931554963,0
"269",3,0.062012820627246,0
"270",1,0.180589507094164,1
"271",1,0.00220833646572253,0
"272",2,0.0364441012919726,0
"273",1,0.241386236316923,0
"274",3,0.0467105774711993,0
"275",2,0.224673275472889,0
"276",2,0.357856640430199,1
"277",2,0.00941740828155447,0
"278",2,0.125753758261461,0
"279",1,0.0223173820394339,0
"280",3,0.0578916095621433,0
"281",2,0.429428420285117,0
"282",2,0.139113052613205,0
"283",1,0.0090574842090462,0
"284",1,0.213926752629205,0
"285",3,0.0913094333150664,0
"286",1,0.485345391743022,0
"287",1,0.6522114283028,1
"288",3,0.0267467996789781,0
"289",1,0.000200342906469057,0
"290",2,0.207904111516209,0
"291",2,0.168046959749353,0
"292",1,0.0471986877328399,0
"293",2,0.0752538361053945,0
"294",1,0.142651615135258,0
"295",1,0.255223277248885,0
"296",1,0.232173605464581,1
"297",3,0.0370635175255513,0
"298",2,0.236695034130836,0
"299",1,0.0655058042581937,0
"300",1,0.00815273429416053,0
"301",3,0.000490690800035415,0
"302",1,0.0494968935193817,0
"303",1,0.272867735745442,0
"304",1,0.405317608628235,0
"305",3,0.157484941400505,0
"306",3,0.0101685015688006,0
"307",2,0.0362598647300656,0
"308",1,0.120321206643152,0
"309",1,0.0221819122927816,0
"310",3,0.0246228775473261,0
"311",3,0.0724556832525782,0
"312",2,0.0413804636888103,0
"313",2,0.00671199226157461,0
"314",2,0.528040822783995,0
"315",1,0.13077501926764,0
"316",1,0.158295817432785,1
"317",1,0.0528827647759897,0
"318",2,0.162758855794971,0
"319",4,0.00212958074921176,0
"320",3,0.116624402593474,0
"321",2,0.101098443028755,0
"322",1,0.100576168447674,0
"323",1,0.0258192774942703,0
"324",1,0.179794492958789,0
"325",1,0.136766851442422,0
"326",4,0.0703426703028886,0
"327",2,0.0616124709632202,0
"328",2,0.00725311565045779,0
"329",1,0.000874548297431454,0
"330",3,0.352687288615447,0
"331",1,0.488969952813852,1
"332",1,0.0689680585085777,0
"333",3,0.00027893381231949,0
"334",3,0.264283410108909,0
"335",3,0.00384874917396315,0
"336",2,0.150234652997445,0
"337",2,0.00829865261978521,0
"338",2,0.286124439491418,0
"339",3,0.0988207124924944,0
"340",1,0.141256745477623,1
"341",2,0.290134320817793,0
"342",3,0.152662219619149,0
"343",1,0.00731310860815677,0
"344",2,0.0579591055168558,0
"345",1,0.0301927440545874,0
"346",3,0.0563540401671394,0
"347",1,0.00851658943890877,0
"348",2,0.00389079038517922,0
"349",2,0.211765796961262,0
"350",1,0.148549906685177,0
"351",4,0.226329814186459,0
"352",2,0.00322347603449861,0
"353",2,0.278230815995749,1
"354",1,0.091335553999347,0
"355",3,0.0386969687580424,0
"356",1,0.204976418475315,0
"357",1,0.128194370359544,0
"358",2,0.150068026871331,1
"359",4,0.00975546078053492,0
"360",3,0.0449558229957165,0
"361",2,0.647998030256954,0
"362",3,0.147520089509127,0
"363",2,0.00216924832967695,0
"364",3,0.185054131173761,0
"365",3,0.185908885353502,0
"366",3,0.0264631581731484,0
"367",2,0.263329746446398,0
"368",3,0.00252952605732179,0
"369",1,7.81511419866858e-05,0
"370",2,0.146823205786076,1
"371",4,0.130106425430059,1
"372",3,0.13808245676893,0
"373",2,0.0126512293703605,0
"374",1,0.333437366968263,1
"375",4,0.156792951643173,1
"376",2,0.185183698583415,0
"377",3,0.262662515883749,1
"378",5,0.0782869635341798,1
"379",1,0.376009748231782,1
"380",3,0.235679981832469,0
"381",4,0.0115185701661621,1
"382",1,0.0595614645930205,0
"383",3,0.0355640339493073,0
"384",1,0.00601644204966921,0
"385",3,0.0311354801576433,0
"386",2,0.018881927035664,0
"387",3,0.213170338927065,0
"388",2,0.000184170470104426,0
"389",2,0.00546675109427983,0
"390",1,0.281656832514317,0
"391",1,0.834342582614716,0
"392",1,0.276895836180469,0
"393",3,0.00494676744311287,0
"394",1,0.572541290244435,0
"395",3,0.0624026333683946,0
"396",2,0.242199774473024,0
"397",3,3.43095704162504e-05,0
"398",1,0.494166719219609,0
"399",2,0.148784873829751,0
"400",1,0.0421947891794755,0
"401",2,0.0748228054096706,0
"402",1,0.0122774770652126,0
"403",1,0.815703336999064,0
"404",2,0.126337683975135,0
"405",1,0.938808080399756,1
"406",2,0.0467877559432751,0
"407",3,3.4469120041365e-05,0
"408",3,0.110219281005555,0
"409",3,0.0134272463755696,0
"410",1,0.165774259223459,0
"411",2,0.0612156925711062,0
"412",2,0.122769248738763,0
"413",2,0.568928130759807,0
"414",1,0.0260830965474986,0
"415",2,0.0791141806666556,0
"416",1,0.744726488868934,0
"417",3,0.383221657479867,0
"418",2,0.166254388587021,0
"419",2,0.133010244751652,0
"420",3,0.592116032424839,0
"421",2,0.04422870571413,0
"422",3,0.0803226785462408,0
"423",3,0.0365819689301006,0
"424",2,0.0411444132321392,0
"425",2,0.632985173594358,0
"426",1,0.0502142568343756,0
"427",3,0.00947979815333426,0
"428",1,0.0607015617437389,0
"429",1,0.214437852073113,0
"430",2,0.0303888174212105,0
"431",3,0.00121817561244638,0
"432",1,0.00139757802057329,0
"433",1,0.109716510956926,0
"434",3,0.00549199803742513,0
"435",1,0.29279996142075,0
"436",2,0.0954191967449862,0
"437",2,0.0386300232394383,0
"438",2,0.00285645891766892,0
"439",3,0.120352722375249,0
"440",1,0.0148899625075745,0
"441",1,0.459719245218044,0
"442",2,0.0493450677456249,0
"443",2,0.0737042673819841,0
"444",3,0.0934120655916866,1
"445",2,0.179409874234321,1
"446",1,0.026788504144304,0
"447",1,0.0146172281969409,0
"448",3,0.0219103904952752,0
"449",2,0.24683999870925,0
"450",2,0.52896677834662,0
"451",1,0.016269444130216,0
"452",1,0.07967468933658,0
"453",1,0.000485102093035863,0
"454",2,0.00367951289237851,0
"455",4,0.214364736630937,1
"456",2,0.682779815590518,1
"457",1,0.675642752474487,1
"458",1,0.796370322100924,1
"459",1,1.01581157319077,1
"460",3,0.000297838409318686,0
"461",3,0.0385811929584237,0
"462",2,0.0192749423523578,0
"463",2,0.00548221900576286,0
"464",3,0.0254113991642724,0
"465",1,0.0775892539685561,0
"466",3,0.00878064565618155,0
"467",3,0.0201901657947568,0
"468",2,0.0209391067316844,0
"469",2,0.117554917955184,0
"470",3,0.0463045720700883,1
"471",1,0.488135696288614,1
"472",1,0.0493408121330647,0
"473",1,0.192188610840187,0
"474",2,0.0036254125845793,0
"475",2,0.0190493007340011,0
"476",1,0.988927884118266,0
"477",2,0.00429396173278754,0
"478",2,0.0108807839920801,0
"479",2,0.115855978850674,0
"480",1,0.0571728669649965,0
"481",2,0.00226190446651475,0
"482",3,0.274465100715236,0
"483",1,0.00932782387443587,0
"484",2,0.141931700014452,0
"485",1,0.230048243117066,0
"486",1,0.00154389299613072,0
"487",1,0.339801375816063,1
"488",2,0.0876682435840914,0
"489",1,0.0370587664669627,0
"490",4,0.0115703782260117,0
"491",1,0.061308208863176,0
"492",1,0.180908282381887,0
"493",2,0.485243200397283,0
"494",1,1.02409330800069,1
"495",1,0.195222050499386,0
"496",3,0.0774339769675579,0
"497",4,0.957843736996287,1
"498",5,2.86116483448363e-05,0
"499",1,0.0275779018180004,0
"500",1,0.134042685104252,0
"501",1,0.00129205957639909,0
"502",2,0.449891099948994,0
"503",1,0.954210103332939,1
"504",1,0.0730238248271597,0
"505",1,0.425695093857239,0
"506",2,0.0373678135550916,0
"507",3,0.0627811660623775,0
"508",2,0.0111336413782678,0
"509",1,0.144326400115376,0
"510",3,0.0639917923525631,0
"511",2,0.0452945510322222,0
"512",2,0.0919228081960668,0
"513",1,0.0747521106427506,0
"514",1,0.350179066912074,0
"515",2,6.53487954060221e-05,0
"516",2,0.0729186893688242,0
"517",2,0.0313781897790691,0
"518",3,0.05640834282103,0
"519",3,0.233552190578461,0
"520",1,0.632936922833486,0
"521",2,0.00125837068467503,0
"522",2,0.219135111810032,0
"523",2,0.0577064002826237,0
"524",2,0.0551203260932269,0
"525",4,0.000403901874411651,0
"526",1,0.0402613990299566,0
"527",1,0.0176537751878477,0
"528",1,0.123904105325435,1
"529",1,0.00910718869853373,0
"530",2,0.202734807398383,0
"531",2,0.096825402272339,0
"532",1,0.112920289915731,0
"533",2,0.123438149162004,0
"534",3,0.328134987229218,0
"535",3,0.0853822961361769,1
"536",2,0.212290097095111,0
"537",1,0.0450974917628355,0
"538",1,0.0293284174881177,0
"539",1,0.0599210364808198,0
"540",1,0.253781153693848,0
"541",3,0.00637241622211578,0
"542",1,0.297165541260619,0
"543",1,0.00286248319537816,0
"544",2,0.478154857378001,0
"545",2,0.108687580207246,0
"546",2,0.265535654885052,0
"547",1,0.0248449219732223,0
"548",2,0.10011586825072,0
"549",1,0.164409000620697,0
"550",2,0.1222440361664,0
"551",1,0.295722921884769,1
"552",1,0.0757735475124438,0
"553",2,0.00920316034740733,0
"554",1,0.470724955519409,1
"555",3,0.0679517186736166,0
"556",2,0.000669230005238379,0
"557",2,0.0765578962970073,0
"558",2,0.01867464782847,0
"559",2,0.0977984578107822,0
"560",2,0.114778729893691,0
"561",1,0.0342436989996689,0
"562",1,0.727476172035606,1
"563",2,0.865625407592261,1
"564",2,0.230724138172223,0
"565",1,0.185121623628221,0
"566",2,0.499941981501095,0
"567",1,0.0499057082154188,0
"568",1,0.000194172931539823,0
"569",1,0.043153288881556,0
"570",2,0.299349759764515,0
"571",2,0.232255863304237,0
"572",2,0.0431308151122587,0
"573",2,0.00488979379553457,0
"574",2,0.479889103340778,0
"575",2,0.0122003046086836,0
"576",2,0.141576506081846,0
"577",2,0.23092401144041,0
"578",1,0.145232440617012,0
"579",1,0.95217391003033,0
"580",2,0.000628296755396305,0
"581",3,0.689279061374468,1
"582",2,0.00206475577044222,0
"583",1,0.226407465428534,0
"584",4,0.149097538443315,0
"585",1,0.0267501811675867,0
"586",3,0.50220364513408,0
"587",1,0.108793880001581,0
"588",3,0.132494674530537,0
"589",1,0.00239865219555712,0
"590",1,0.0567244654392689,0
"591",1,0.017659028737737,0
"592",1,0.161058733189433,1
"593",1,0.0125168756460525,0
"594",1,0.0543783292860857,0
"595",2,0.727332714257493,1
"596",2,0.00141947266157208,0
"597",2,1.30931148536222,1
"598",1,0.0724952203045712,0
"599",4,0.15265505020466,0
"600",3,0.205257359242199,0
"601",2,0.0306155636495053,0
"602",1,0.484391476430434,0
"603",3,0.590334849929191,1
"604",2,0.0661965701819898,0
"605",2,0.12740447457217,0
"606",1,0.0653269704610594,0
"607",2,0.306986756984463,0
"608",3,0.00989785477943411,0
"609",1,0.284918652255503,0
"610",2,0.00422117366581314,0
"611",2,8.21029839791029e-05,0
"612",2,0.228374839068278,1
"613",2,0.161024945033594,0
"614",1,0.0927083666500024,1
"615",4,0.0239541207136066,0
"616",1,0.00864332758048475,0
"617",2,0.095751246831016,0
"618",2,0.0569116921008858,0
"619",1,0.0843524533093298,0
"620",3,0.0107489737430018,0
"621",1,0.283067449203585,0
"622",3,0.0293225213644179,0
"623",2,0.00442897273480998,0
"624",1,0.23207132834754,0
"625",3,0.0673468197875233,0
"626",2,0.0545207922018439,0
"627",1,0.0390791461890109,0
"628",1,0.0268881777802804,0
"629",2,0.000134694339167194,0
"630",3,0.00641167642856988,0
"631",5,0.109618033521477,0
"632",2,0.000932494147438317,0
"633",2,0.0421110884294291,0
"634",2,0.1540031409954,0
"635",3,0.263321449850115,0
"636",1,0.393016808502741,1
"637",2,0.501902247576565,0
"638",2,0.0422760030914817,0
"639",3,0.0760102614697558,0
"640",1,0.0411897840581883,0
"641",3,0.0241139039534241,0
"642",2,0.248203463663281,0
"643",2,0.253780814278932,0
"644",2,0.0371745977864241,0
"645",1,0.303284881687246,0
"646",2,0.0115369004627762,0
"647",1,0.0555981191436169,0
"648",2,0.341390387577823,1
"649",1,0.00690510612630009,0
"650",2,0.429930725332701,0
"651",1,0.0345762317966549,0
"652",3,0.287365089974559,0
"653",2,0.0197773801545812,0
"654",1,0.162051608181107,0
"655",1,0.127208221654924,0
"656",4,0.477475551072797,0
"657",1,0.29407808096997,0
"658",2,0.0260278222501885,0
"659",1,0.081729878370791,0
"660",4,0.0681549793094735,0
"661",2,0.104510896373791,0
"662",2,0.267853001816624,0
"663",2,0.00826146735108155,0
"664",1,0.0191193187651963,0
"665",1,0.0018627358226217,0
"666",2,0.324702481176178,0
"667",2,0.365642632869193,0
"668",2,0.0892409477295282,0
"669",4,2.51023369565559e-05,0
"670",2,0.0110332517800169,0
"671",2,0.00159917097477367,0
"672",1,0.568156747080103,0
"673",2,0.0759613628466209,0
"674",1,0.0525530057083088,0
"675",2,0.00246854231467329,0
"676",1,0.373422259433537,0
"677",2,0.899569153437821,1
"678",2,0.0512703642062729,0
"679",4,0.00245000020144877,0
"680",4,0.00278338641562206,0
"681",1,0.0188703842568141,0
"682",2,0.366164340044823,0
"683",1,0.101367449652224,1
"684",4,0.0464730298186367,1
"685",1,0.569359626953619,1
"686",4,0.177871907532335,0
"687",4,0.10536883454986,0
"688",1,0.0325349051353643,1
"689",3,0.000788234594184529,0
"690",3,0.0626335762697112,0
"691",1,0.23426005435939,0
"692",1,0.222963644621901,0
"693",4,0.0714083898994173,0
"694",4,0.237589953718531,0
"695",4,0.103126584454812,0
"696",4,0.00343966787067627,0
"697",2,0.0064488988254062,0
"698",3,0.0231004016494714,0
"699",2,0.117412537415493,0
"700",2,0.320316436307783,0
"701",4,0.182647672891275,1
"702",1,0.054762826721135,0
"703",1,1.10018443746355,0
"704",1,0.00224850701656322,0
"705",2,0.117253055789853,1
"706",1,0.0272330321567517,0
"707",2,0.0576502099777444,0
"708",2,0.00902812086020824,0
"709",2,0.124354433169598,0
"710",1,0.179995103350222,1
"711",2,0.00699101787980917,0
"712",3,0.0802594621655101,0
"713",3,0.0934418465659839,0
"714",2,0.506425177856498,1
"715",3,0.0163693351882399,0
"716",3,0.111589433084211,0
"717",1,0.0136720368894941,0
"718",1,0.148009993548027,1
"719",3,0.00216096340390953,0
"720",2,0.294162153414876,1
"721",1,0.361112578994581,1
"722",2,0.0266540075033651,0
"723",2,0.00122595665817271,0
"724",3,0.479528438293028,0
"725",1,0.249975388005955,0
"726",1,0.365500644735192,0
"727",3,0.0187753299260041,0
"728",1,0.0431306246346717,0
"729",1,0.323018421055915,0
"730",3,0.47739976425916,0
"731",2,0.116185557620684,0
"732",2,0.0221362060820386,0
"733",2,0.00711768172680498,0
"734",2,0.0436482813689823,0
"735",2,0.00521075412133026,0
"736",1,0.0104697108416315,0
"737",2,0.203606894168132,0
"738",3,0.0504748724121465,0
"739",1,0.419719247041833,0
"740",1,0.827851537167695,0
"741",1,1.10619161993494,0
"742",4,0.0261591566735158,0
"743",1,0.242951222523613,0
"744",3,0.0130642199089543,0
"745",3,0.00118587752719511,0
"746",2,0.0930596180815073,0
"747",2,0.27199825528765,1
"748",2,0.0641708035514351,0
"749",1,0.0045040441250972,0
"750",1,0.0115936472435169,0
"751",1,0.0204485300154698,0
"752",1,0.0326800880905828,0
"753",2,0.177374015934125,0
"754",1,0.04980487906985,0
"755",2,0.173532628231643,1
"756",2,0.00327526078722581,0
"757",1,0.206838902188565,0
"758",1,0.00187937228788254,0
"759",1,0.185309890356632,0
"760",3,0.0392877145321115,0
"761",2,0.344796175855914,0
"762",3,0.470011817724999,1
"763",1,0.177193286323582,0
"764",1,0.413336195205767,0
"765",4,0.0654135984954987,1
"766",3,0.00191873052596876,0
"767",2,0.000749365768413025,0
"768",2,0.0809139680142882,0
"769",1,0.0918659555108401,1
"770",3,0.222400003583547,0
"771",1,0.950893190849286,1
"772",2,0.127911079980101,0
"773",1,0.270958612262852,0
"774",2,0.00177753562788338,0
"775",1,0.178118120245996,0
"776",4,0.00573417139777089,0
"777",2,0.431108106242268,0
"778",2,0.0258981212181212,0
"779",1,0.759092249729666,0
"780",2,0.064182608119262,0
"781",2,0.498678279191115,1
"782",2,0.631664087300638,1
"783",6,0.0075601092012393,0
"784",2,0.221021130997674,0
"785",3,0.0134246185304524,0
"786",1,0.0928512797137982,0
"787",1,0.194512054911758,1
"788",3,0.0174938036466897,0
"789",3,0.00497163250358432,0
"790",2,0.0781590127621997,0
"791",3,0.112228158451474,0
"792",2,0.56601966750954,0
"793",1,1.23404663879882,0
"794",1,0.439676198299874,1
"795",4,0.111752044762675,0
"796",2,0.00811602404499806,0
"797",1,0.0356917839071678,0
"798",2,0.0113867355176014,0
"799",1,0.154643613212878,1
"800",2,0.0201843943722333,0
"801",2,0.0867880898621026,0
"802",1,0.210811025080432,0
"803",2,0.464665867722166,0
"804",1,0.0616805450659643,0
"805",1,0.849965089837816,1
"806",2,0.00053855169735635,0
"807",2,0.040574669590004,0
"808",2,0.458039039405274,0
"809",2,0.0302051506841584,0
"810",3,0.242546907452946,0
"811",2,0.00333245765818796,0
"812",2,0.167883359514648,0
"813",1,1.42345255963419,1
"814",4,0.205754524297449,0
"815",1,0.11492861198868,0
"816",1,0.125660496389533,0
"817",1,1.00313435454335,1
"818",2,0.155008320638371,0
"819",3,0.434969313613562,0
"820",1,1.32115433216329,1
"821",1,0.28363386460932,0
"822",1,0.0214758721669966,0
"823",3,0.261004618803753,0
"824",3,0.271946620043723,1
"825",3,0.0280386665638078,0
"826",2,0.0904309386609489,0
"827",4,0.172983608240312,0
"828",1,0.319677686835578,0
"829",2,0.266073073742873,0
"830",4,0.160861699443514,0
"831",5,0.11841014087517,0
"832",4,0.00745815110299358,0
"833",1,0.00700242767698339,0
"834",2,0.220994862830112,0
"835",3,0.0935352635931478,0
"836",5,0.144283063886662,0
"837",2,0.438170557303492,0
"838",1,0.0101042220620191,0
"839",2,0.1363186409535,0
"840",2,0.00248513601664533,0
"841",3,0.179801078925131,0
"842",3,0.153807027185431,0
"843",1,1.46089670992685,1
"844",2,0.00360331841201384,0
"845",2,0.0207917840048325,0
"846",2,0.0782379282644235,0
"847",2,0.0982643300683424,1
"848",3,0.0292704498113374,0
"849",1,0.0238077556164036,0
"850",2,0.266610826947405,1
"851",3,0.0691082743997712,0
"852",3,0.00684744743352949,0
"853",1,0.296256881714087,0
"854",3,0.162581414049489,0
"855",5,0.000395433504966784,0
"856",1,0.166638795274365,0
"857",2,1.06038645812553,1
"858",1,0.118985683854871,0
"859",3,0.000227334597355573,0
"860",1,0.27458653550539,0
"861",2,0.0623537542693852,0
"862",1,0.0571861342073557,1
"863",2,0.0941363655415687,0
"864",1,0.0834274118126528,0
"865",2,0.653825984092713,1
"866",1,0.380969549644537,0
"867",1,0.00297119792784212,0
"868",1,0.676615922197226,1
"869",2,0.000117580275723653,0
"870",2,0.229869309143113,1
"871",3,0.0145633317198766,0
"872",1,0.0957784969351384,0
"873",3,0.122409213473933,0
"874",1,0.487249140688115,0
"875",2,0.3271846151516,0
"876",2,0.00569583396657397,0
"877",1,0.111918474921438,0
"878",1,0.0538240257268044,0
"879",4,0.0508465843911231,0
"880",2,0.0213505536277259,0
"881",2,0.10928789590279,0
"882",4,0.147342869197355,0
"883",1,0.459294262711264,1
"884",3,0.0640686660213511,0
"885",1,0.106785821636897,0
"886",2,0.0116532859439243,0
"887",1,0.0177467974314362,0
"888",1,0.0477514451221919,1
"889",2,0.336889024841432,1
"890",1,0.141442292538025,0
"891",2,0.457621457534955,0
"892",4,0.0268488756830679,0
"893",1,0.119671290752626,0
"894",2,0.0941118095022073,0
"895",1,0.0531866476770012,1
"896",2,0.539877983058638,0
"897",4,0.0127958264585055,0
"898",2,0.357085308217056,0
"899",1,0.144476319068195,1
"900",3,0.00452642732609471,0
"901",1,0.21948353372372,0
"902",1,0.00130593611984659,0
"903",3,0.235571420259264,0
"904",4,0.0133562577721516,0
"905",2,0.16398455491619,0
"906",1,0.230818690717238,1
"907",2,0.308927464932617,0
"908",2,0.145230994260318,0
"909",3,0.0113821269781412,0
"910",1,0.006438594870902,0
"911",2,0.223494685691187,0
"912",4,0.0324828564972145,0
"913",1,0.357788691956475,0
"914",3,0.102438628591311,1
"915",1,0.0251342862069696,0
"916",1,0.426620289666206,0
"917",2,0.160870744933939,0
"918",1,0.0595763180487052,0
"919",1,0.123805974676947,0
"920",3,0.152787659294182,0
"921",1,0.000752084878551947,0
"922",2,0.810831724116913,1
"923",1,0.00156644136704961,0
"924",1,0.340949184858802,1
"925",2,0.0456835778473103,0
"926",1,0.0892191775481034,0
"927",1,0.190493277368249,1
"928",1,0.012080530677394,0
"929",2,0.276121918788539,1
"930",4,0.0320307795298285,0
"931",3,0.0882401839481964,0
"932",1,0.181487757873331,0
"933",1,0.00232678343150053,0
"934",2,0.443935124099186,1
"935",3,0.0555696232131115,0
"936",1,0.0574558592228632,0
"937",3,0.0345581351516283,0
"938",2,0.0876351875202598,0
"939",2,0.0181408144484424,0
"940",5,0.150021535686524,1
"941",1,0.0620285822895001,0
"942",1,1.82724205813205,1
"943",5,0.0564873506460062,1
"944",2,0.0353940413344763,1
"945",2,0.0336225331565143,0
"946",1,0.105627952519476,0
"947",2,0.330129537503671,0
"948",2,0.00415936206239073,0
"949",2,0.14002515594808,0
"950",2,0.318793409308799,1
"951",3,0.0204332717620359,0
"952",1,0.0684692534157553,0
"953",2,0.00451969026387766,0
"954",1,0.149895426441363,0
"955",1,1.22209214237847,1
"956",3,0.214907777215909,0
"957",3,0.141215156321862,0
"958",2,0.0234718656804798,0
"959",1,0.147193100368272,1
"960",5,0.0100102727865958,0
"961",1,0.0513739787691211,0
"962",2,0.0994307528042647,0
"963",3,0.133824762585491,1
"964",1,0.0771434090021326,0
"965",4,0.0347158706336873,0
"966",2,0.26254925917662,0
"967",2,0.00193275749417146,0
"968",2,0.000198030106033741,0
"969",1,1.37143687653912,0
"970",1,0.12122377481504,0
"971",1,0.0442750206103964,0
"972",3,0.0424659023197878,0
"973",1,0.307826311692049,1
"974",3,5.30070841002519e-06,0
"975",2,6.21719959358087e-05,0
"976",3,0.253336120360643,1
"977",3,0.276239856363177,0
"978",2,0.0087280293484535,0
"979",1,0.017273391539498,0
"980",1,0.0249870329280671,0
"981",2,0.0459947103626657,0
"982",2,0.176576538322061,0
"983",2,0.00588690843608223,0
"984",2,0.435998027559905,0
"985",3,0.11660858944329,0
"986",1,0.250264646399154,1
"987",2,0.114691719373192,0
"988",2,0.147864551668256,0
"989",2,0.202024709505961,0
"990",1,0.598790452018347,1
"991",1,0.548131018830814,1
"992",2,0.00694209740274922,0
"993",2,0.104461662318991,0
"994",5,0.269117876233132,0
"995",3,0.000757511409049131,0
"996",2,0.00878509087341079,0
"997",1,0.616012976618662,0
"998",2,0.0151989288565419,0
"999",2,0.0964012299476473,0
"1000",1,0.155936435552693,0
